Quote,Label
落ち着け、そしてよく狙え。お前はこれから一人の人間を殺すのだ,1
あなたが売り場に向かって宝くじ券を購入する時は「大きな幸運をもたらす運気をいかにちょうだいするか」という大事な局面です。慎重かつ厳粛な気持ちを持ったうえで笑顔を忘れずに臨んでください,1
人生には「灰の時」と「炎の時」がある。なすべき何事もない時は、何もすべきでなはい。,1
負けると思えば負ける、勝つと思えば勝つ。逆になろうと、人には勝つと言い聞かすべし,1
自分がこの先どうなっていくのかというのは自分が一番楽しみにしています,1
高いハードルを設けて、そこに到達する方法を考え抜くこと。これが会社や個人の成長につながる。目標を作ってそこを目指さない限り、到達できないし、目標がない限り衰退す......,1
予測されるけれども目に見えない危険は、人の心を最もかき乱す,1
（男子は）４０年以上も五輪予選を突破していないんだから。それは明らかにドメスティックであり過ぎたからでしょう？　世界大会にも出られないほど国内を優先している限りは、日本は世界の......,1
叱ることと、次に叱られないためにはどうしたらいいかを教えることが、いつでもちゃんとワンセットになっていなければなりません,1
強くなるって心の成長も必ず伴わなければならない、思っていたより無様な時間の中にあるものでした,1
私はかつて、人の悪口を言ったことがあるか！誰か一度でも人の悪口を言ったのを聞いたことがあるか！私は一度もない,1
何か賞をいただいたら、その時のチームメートのおかげ、みんなでもらった賞だと思っています,1
彼は人に厳しい批評家ではなかった。特に僕の場合は、彼が影響力のある批評家だったから、大きな（成功への）手助けになったと思う。彼が（がんの治療であごの）手術をしてからは、ニューヨークにあまり来なくなったが、......,1
人間はなんのために生きるのかって考えてみると、苦難を乗り越えていくために生きるのだと思う。なにもしないで、生きていこうなんて生き方はだめよ,1
こーいうお笑いセンスのない人がいるおかげで僕らのお笑いという職業が成立してる,1
幸福だと「知って」はいても幸福だと「感じ」られないのです,1
それがまさか気仙沼で自衛隊の車を使ってパレートまで出来るとは（笑）。気仙沼市市民栄誉賞も受賞することが出来て本当に良かったです,1
講談はいわば、プレゼン芸のようなもの,1
三國さんは経営者としての風格を大事にしていて、普段の衣装もファッショナブル。それが、（釣りで）Ｔシャツを着るとかわいくなるんですが、風格があった。僕はそのへん、......,1
選手から見れば、どういう形でもいいから、勝ちゃいいんだ。勝ちゃ、評価される。逆に勝たなければ評価もされない。......,1
お金がないから好きなことができない？それなら、好きなことを仕事にしたらいいかも,1
中小企業、30?50人の企業というのは、それは親分が一番働いてないといかんでしょう,1
自然を愛するのは、自然がわれわれを憎んだり、嫉妬しないためでもない事はない,1
この言葉（「天災は忘れた頃来る」）が、その後方々で引用されるようになり、とうとう朝日新聞が、戦争中に、一日一訓というようなものを編集した時、九月一日の分に、......,1
物をたくさん持っていれば、失うとなるとたくさん失う心配がある。だから、財産家であるよりは、むしろ貧乏であって失う心配の・・,1
誰でも死を望む者はいないが、日頃、恩禄を受けていることは、ひたすら命に代わるものと観念し、あらかじめ無き身と考えることが義の本である,1
いろんな年齢層の方がご覧になっても楽しめるドラマになっていると思います,1
強いチームが出来上がった。過去最高の状態だ,1
「見切り千両」は、もともとは株のコトワザですが、人生万般にわたって通用する教訓だと思っています。見切るということは「損・・,1
「取れるなら取ってみろよ」ぐらいの気持ちでプレーしないと国際試合では勝てない,1
負けたら終わりなので、結果にこだわる激しさを出さないと勝てません,1
大学に入って、クラシックを聴く授業があって、そこで初めてホルストの『木星』を聴いたんですけれども、そのときに「なんて良い曲なんだろう」と思って、涙がボロボロ出てきて,1
私は庶民の味方だ。そういう人間なんだ,1
結婚──共同生活体のひとつの場合で、ひとりの主人とひとりの主婦と、二人の奴隷から成り、それでいて全部合わせても二人にし・・,1
食べることが好きなんです。それが一番の気分転換というか、モチベーションになる,1
難しかったところと言えば、キーが多少高かったので、そこがキツかったかな。だけどその分、張るところが出せたんで、男性ならではの熱さや本気度がより表れたかなと,1
不義理をしてバチが当たるのは相手,1
常に勝つのは不可能だからね。でも勝利に必要なことを知るためには、時に敗北も重要なんだ。,1
大酒飲みか！いいじゃないの。酒癖が悪い？そんなことは他人が勝手に決めつけることでね,1
自分の感覚だとか考えてることが世の中に通用しなくなる、それがリタイヤ,1
アメリカやドイツなどのエリートビジネスマンほど非常に意識が高い。彼らが普段、どのような努力をしていて、時間の使い方はどんな工夫をして、家庭とはどう向き合っているのか――......,1
諦めたら、そこでおしまい。粘って粘って納得いくまで,1
『伝える』ということは書でもTVでも大変難しく、TVの舞台裏では多くのスタッフが視聴者のことを必死に考えています。私も、そうした中で自分が今できることを、ひたすらやりま......,1
人間は時々、努めて頭を空っぽにしなければだめだ。,1
強い雨ほど長くは続かない。,1
早起きは三文の徳ならね、早起きは3億の徳,1
『美しさ』に決まった形など、ありません,1
現役時代は4番を張ってきた。逃げることのできない立場,1
決して裕福ではない家庭で育ち、傍から見れば辛い出来事もたくさん経験してきましたが、それでも私が自分を“幸せだと思えるのは、“ポジティブ脳を育てることができたからです,1
一番得意なプレーはボールを受けた時の縦へのドリブル,1
集中すべきところを選択するということは、思い切って捨てるところも決断しなければなりません,1
今後は“おじいちゃんネタを封印するウィッシュ。よろしくウィッシュ,1
貧乏人や怠け者は、成功する人より「できない」という言葉をよく使う。彼らが「できない」という言葉をよく使うのは、「できる」というより簡単だからだ。「それはできない」と言ってしまえば、たとえ本当はできても、......,1
自分が作りたい味もあるんだけど、それをおいしいって言ってくれるお客さんが少ないんだったら、それを強引に出すわけにもいかないじゃないですか。そこはやっぱり、みんなが喜ぶよ......,1
実はカードも通帳も持ってなくて、22歳にもなってお小遣い制で親からお金をもらってるんです,1
最悪の謀反人とは、国王や国家に危害を加える武器を取らず、医者が病人の血を取ることによって癒すように、国王や国家を改善す・・,1
独断家は甚だしばしば敗北主義者、知性の敗北主義者である。彼は外見に現はれるほど決して強くはない,1
スポーツこそが奇跡を起せるんだよ！,1
学校や社会で差別されたら、かわいそうに、と思え。差別する奴らは差別されてきたんだよ。悪口を言われた人間が悪口を言う。君は差別に差別を返したらいかん。......,1
（患者様とのコミュニケーションにおいて）一回で何かを解決しようという事はは頭の隅に置いて、一回ではなく何回か繰り返して聞いてみようというのが現実的かな,1
古く、慣れ親しんだ枕に頭を乗せるまで、旅がどれほど美しいものかは気づけない,1
何度も二回戦、ベスト8、ベスト4の壁にぶち当たりまして、自分の指導法に疑問を感じたり、人から話を聞いたり・・,1
自分の評価を落とすのも、人生の中で大事な時もある,1
きょうくりFanのために ぼくごじんてきにじゅんびしたPresentがあります！,1
試合する時は、やっぱり対戦国とか相手とかになってしまうんですけど、それが終わったらみんな仲良くやっています,1
今さら核を一発二発持ったところで世界は変わらないです,1
昔、すごく調子が良かった時に5時間で3話分できたことがあった,1
明日は大学入って初のチーム戦！たのしく元気よくいっぱいハイタッチできるようなチームになればいいかなと思います！,1
我が国は資源がありません。無駄に弾薬や燃料を消費するのは厳に戒めるべきです,1
地形や植生、たとえば途中で倒木の皮が剥がれているのを見て、これはシカが食べた跡だとか、教科書で見るよりも生々しく分かりますよね,1
例えばファッションを好きな人たちはコスチュームに着目して観るだろうし、僕もファッションの仕事をやるけれど、歌舞伎であれだけ色々なコスチュームを着けるから「歌舞伎の衣装が一番楽しいでしょ......,1
感謝の気持ちを口にするだけでなく行動にうつさなければそれは本当の意味で感謝していることには達しないと思う,1
教育の最高の成果は、寛容さである。,1
一生懸命にやっている自分がいると、他のことにも、輝きが増すというのかな。オーラじゃないけれど、多分人が発している光というのがあって、好きなことをやっている、......,1
地球を舞台とした事業活動を通じて、豊かな社会の創造と資源循環型社会の構築に貢献する,1
断じて投機的な事業を企つるなかれ,1
ショパンですとかベートーベンですとか、いま生きているわけではない人たちの作った曲を演奏するときは、イメージを楽譜から読み取るしかないですね。どんな気持ちで書いたのかなと、,1
時代の流れとか、環境のせいにして言い訳している人たちも結構多いと思うんです,1
情報に踊らされずに、なりたい自分は自分で考えてほしい,1
私もいわゆる同和地区というところで育ったが、同和問題は全く解決されていない,1
（自らのスタイルについて）変えないじゃなくて、変えられない,1
自分の運命を実現することは、人間の唯一の責任なのだ,1
持続的成長のエンジンは、もっといい車作りと人材育成に他ならないと考えております,1
死はいずれやってくる。それがいつかなんて、どうでもいいじゃないですか,1
（技術の囲い込みをせず研究成果を公にしてきたことについて）自分が思いついたことは、他の誰かも思いついているものなんです、ええ。これは経験則として、ほぼ間違いなくそうなんで。あんまり持っていてもしようがない、......,1
愛する人間が死ぬのを見るより、愛する人間が狂ってるのを見る方が辛いんじゃないかな,1
仕事で失敗して損をしても、相手からお金を取るな。相手に気を使わせる事で、良い情報を持ってきてくれたり、信用が上がる,1
結婚する男は七年も年老いたと思うであろう,1
己より賢明なる人物を身辺に集める術を修めし者ここに眠る,1
（抗がん剤の副作用で）例えて言うならば･･･船酔いをしている状態で高熱が42度あるような感じです,1
自分の利害のために他人の利害を顧みないような人は、人間ということはできない。,1
眠りにつく寸前にその日にあった楽しかったことや満足したことを思い出して寝ます。その際、心の中で「良かった。ありがとう」と満足と感謝の思いで寝ることで睡眠の質を高めます,1
『企画でも、自分ができることで、自分の商圏で新しいものが入ってきても絶対に破られないものをやる』ことが重要です,1
１５年近く愛用していたドライヤーがついに壊れた。まだテレビに出る前からの長い付き合い。中国人の横分けもヤンキーのリーゼントも全部こいつが頑張ってくれた。お疲れさま,1
（カイジが支持される理由は？）読者の支持は今に始まったわけじゃないんだけど、やっぱり“カイジ的に苦しんでいる若者たちが昔に比べると増えてきたっていうのもあるのかもしれない,1
仕事が来たら、まず全力投球で頑張れ。その仕事が自分に合うか合わないか、まず自分が会社に合わせてみて、その色に染まってみてから判断しなさい。半身に構えて仕事をする......,1
ビデオの再生くらいはできるさ。でも、録画は・・できないんだ,1
結果が出ないとき、どういう自分でいられるか。決してあきらめない姿勢が何かを生み出すきっかけをつくる。,1
経団連の会長になったら、僕は断固、日本の構造改革、規制緩和の実行に取り組む,1
成果の上げられない社員を管理職にとどめておくのは、本人のためにも他のやる気のある社員のためにもかわいそうです。,1
アニック選手はバックハンドのスライスがすごい上手な選手なんですが、アニック選手とも対等にクロスのスライスのラリーでもしっかり戦えていたと思います,1
頑張らないと頑張っている人に会えない。頑張っている人に会うとまた頑張ろうと思える,1
とにかく笑顔です。会った瞬間、お互いに感じるものがありますから。とくに笑顔で元気に握手をしてから会話に入るような場合は、笑いのある雰囲気の中で話ができます,1
あなたが誰であろうと、どんな社会的地位にいようと、地位が高かろうと低かろうと、常にものすごい力で、ものすごい渾身さで取り組むことを目標にし、また全てのことに強い愛を込め、......,1
（村上信五さんに対して）YOUとすばるじゃ違いすぎるんだよ｡すばると仲いいのにどうして歌下手なの？,1
幸せが何かって考え出したら、生きてくのが苦しくなるだけよ,1
その瞬間、人生で最もすばらしい体験を放棄しているかもしれない。,1
既婚者の男がね、まずいな、って顔をしている時の大半は奥さんが関係してるんだって,1
研修期間の二年間ずっと「ジャマナカ」です。「お前はほんまに邪魔や。ジャマナカや」といわれつづけました。（中略）しかし、ここで壁にぶつかったことが、研究者という新......,1
俺は応えなければ,1
目的のために歩く。例えば買物とか食事とか、歩くために歩くのではなく、この辺はアートの発想とちょっと反対ね,1
リング上での一瞬に命をかけてますし、コスチューム、演出、技も多彩,1
今年は２試合。多ければ３試合。誰が相手でも勝つことだけ考えてやりたい,1
正直、自分たちも驚いています。デビューして、まだ２年でアリーナツアーをやらせていただけて、ありがたい気持ちです,1
（食事にも気をつけていらっしゃるのですか？）そっちはだめなんです。食いしん坊だから,1
厳しい戦いが何回も続いた,1
いずこに指導原理ありや？　いかなる叡智(えいち)の光ありや？　美(うる)わしくも怖(おそろ)しきは浮世なれ　かよわき人・・,1
だめ。碇君が呼んでる,1
「このビジネスの目的は何か」といった理念が共有できていなければ、困難な状況を打ち破ることはできません,1
否定でアイデンティティを確立しようとするなよ,1
軽蔑すべき者を敵として選ぶな。汝の敵について誇りを感じなければならない,1
誰が前にいようが、誰が後ろにいようが、俺は前に行く。,1
僕は自分のキャリアにしっかりピリオドを打って、プロフェッショナルになりたかった。でも多分、僕がすでに言ったように、神が決めたんです、“ジェーニャ、......,1
時代がどう変わろうとも、人間の本質は変わらないのです。誰しも人間は人生で善きことを追求し、後世に何か価値あるものを残すことによって、「永続性」を達成したいのです,1
後悔の意味は？悔やむことがあるのは後ろだけ！前にはない！,1
自分の心の中から歌いたいこと、いま言いたくてたまらないこと、そういったことが作品にならなくてはダメだ,1
兄の卓球のコーチが中国の人で、わたしも３歳で卓球を始めたころに見てもらった,1
世の中のキラキラして生きなくちゃが負担になっている人って、多いんじゃないでしょうか,1
今でも国歌の練習、一人でしちゃったりしますからね。トイレで歌ってたりしますから,1
HateとLaveって実は同じ。心が現すもの。イコールあなたにはまだ心があるって事,1
上司の弱点を指摘するな,1
一つの眼差し、一度の握手、幾分、脈のありそうな返事などによってたちまち元気付くのが恋をしている男女なのだ,1
研究されていても、形勢が互角であれば問題ない,1
自分の中の本当に追いつけないぐらいの理想を持って、それに一歩でも近づけるように、自分の中で努力するという感じです,1
誰がカモか分からなければ、そのゲームでは、自分がカモ,1
日本で別作品の撮影中だったのですが、クリスからの連絡で3日間だけロスに戻り、そこで出演オファーを受けました,1
私は絶対に生徒を叱ることができない。なぜなら子どもたちはみんな「花の種」だと考えているからだ,1
市場の空白地帯を探り続ける。顧客から変わらぬ支持を得るには、その努力が不可欠なのです,1
紆余曲折のない人生などあり得ない。安定した生活など歴史上どこにもない,1
人間が自分で意味を与えないかぎり、人生には意味がない,1
Be daring.（勇気を持って）Be first.（誰よりも先に）Be different.（人と違ったことをする）,1
天才はなすべき事をなし、才人はなしうる事をなす。,1
世の中の風潮と違って、子供と一緒にいて楽しいことをしてあげようという考えはないんですよ。父親がどこかで本当に頑張っているのであれば子供には絶対に分かると思うんです,1
君がどれだけ気づかっているかを知るまでは、君がどれほど知っているかなどには誰も気にしないものである,1
「みんな言葉遊びが好きなのさ」 「なぜなら人間は、言い訳をしないと生きていけないからね」,1
ダンスで成功する夢は諦めずにいました,1
嵐ってね、怒られるとすごい落ち込むの,1
歴史とは犯罪と災難の記録にすぎない,1
技術的なものは高いグッドテクニカルなパフォーマーはいるんですけど、パーソナリティーがね・・・・。要するに人間性が強い子が少ないかなって思う,1
土を耕すのを忘れるということは、自分自身を忘れることだ。,1
1週間くらい武家屋敷で撮影しているうちに、血の量がたまっていったらおもしろいなと思い始めて。どんどん血を足していったら、プールみたいになった（笑）,1
勝負師の世界というイメージの強い将棋が、文化として認められたことが何よりもうれしい,1
描くということははき出す行為ですから、それだけでは、たちまちのうちにスッカラカンになってしまいます。かく一方で、摂取する、つまり、......,1
自分自身を灯りとしていけば、どんな時でも自分で心を照らすことができます,1
少し不思議な感じですが、今回の世界選手権が高校生活最後の大会になります。高校生で２度も世界選手権に出場できることに感謝したいですし、悔いのない演技がしたいですね,1
身体を動かすことなく日々を過ごすだけの状況では、いくら勉強の時間をつくっても、頭には入らないでしょう。集中できないまま、だらだらとテレビを見たりゲームをしたりということになってしまうのならば、一日に一時間は体を動かす時間を作ってください。......,1
あなたは会社を経営しているのであって、社交クラブを開いているのでも、カウンセリングサービスを行っているわけでもない,1
情熱を持って生きなさい。,1
デッサンと色彩とは区別することはできぬもので、彩色をほどこすにつれてデッサンがなり、色彩が調和していくにつれてデッサンは正確になる。色彩が豊富になる時、形も充実する,1
反論し論破するために読むな。信じて丸呑みするためにも読むな。話題や論題を見つけるためにも読むな。しかし、熟考し熟慮する・・,1
特別なレースという部分に関しては、ここで初めて何かを試すようなことがあってはいけないと思います,1
自分らしさを書き換えるには1.ぶっ飛んだ夢を持つ2.あこがれの群れに飛び込む3.すでにうまくいったふりをして生きる,1
事は他人を援助することによりて己自身を益(えき)す。,1
自分の努力は裏切らない,1
嫉妬でパートナーを動かそうとそれば、いずれ相手は去って行くだろう。大人なら理性的に話し合うべきだ,1
死んで朽ち果てることがないのならば、いつでも死ぬがよい。生きて大志を果たせるならば、いつでも生き続けるがよい,1
俺は今日生きたぞ,1
最近、時間がなくて全くサッカーできない,1
善良な夫は、決して夜早く寝ないし、朝は遅く目覚める。,1
自分でステージのプロデュースをやったりして、自分の言葉でスタッフが動くのを実感したから、それがストレスになっちゃったんですよね。まだまだ自分の心が定まっていないのに、私......,1
お前なんか辞めたって、仕事も地球もグルグル回るよ,1
連載はライブですね。生き物ですね,1
僕にとつてあなたは新奇の無尽蔵だ,1
要するに３通りしかないんだよね。ひとつはね、強いやつについていく。もうひとつは逃げる。三つ目は独りで闘う,1
経営が良ければ株価は自ずとそれを反映する,1
ともかく、恋愛はいい先生だ。運命が我々に与える困難など、恋愛が我々に味あわせる快楽には到底及びもつくまい。,1
私は同じ生きていくならば、人を大いに愛して、興奮しまくって、何か新しいものを作り狂って、そんな生き方がいいんじゃないかと思っています,1
地震は信に大変に候。野僧草庵は何事なく、親類中、死人もなく、めでたく存じ候。うちつけにしなばしなずてながらえて　かかるうきめを見るがわびしさ,1
企業に永遠はなく、いつ寿命が尽きるかわからない。だから仕事は健康なうちに次の世代に渡していくべきである,1
周りにも言われますけど、運はメチャクチャいいですよ。つい最近までは１００％ずっと脱ぎ続けてましたから。いまだと確実にアウトじゃないですか,1
守るのは、過去じゃない。欲しいのは、未来じゃない。生きている今に、想いを燃やし尽くす事、......,1
美しいものとともに生きてきた人だけが美しく死ぬことができる,1
ああ、全てはこれからだ,1
かけた情けは水に流せ。受けた恩は石に刻め,1
金持ちが神の国に入るよりも、ラクダが針の穴を通る方がまだ易しい。,1
（友や仲間とは何ですか？）一番かけがえのないものだし、自分と時間を共有してきたっていうこと,1
もし事実と理論が合っていないとしたら、捨てるのは理論の方ね,1
権力は肉体を奪えても自由は奪えない,1
肉体は心の召使いである。それ（＝肉体）は、繊細で柔軟な装置であり、くり返される思考に速やかに反応する。,1
私は物語に“救いがないというのが苦手なんです,1
（自身のことを）夜の外交官,1
ユーモアのない一日は、極めて寂しい一日である,1
家族っていうのが、一番人間にとってホッとするところ,1
病院に行って診てもらったら、「これ、折れたままつながってるね」って言われたんです,1
我々は誰も敵とはしないし、誰であっても我々の敵となることはお勧めしない,1
北西。この方位にお金があると、手持ちのお金にどんどん運気が宿ってくるはず,1
賃金は不満を減らすことはできても満足をふやすことはできない。満足をふやすことのできるのは仕事そのものだといわねばならぬ。どんな仕事であろうと、それが自発的主体的に行動できるよう......,1
従来の行きがかりに囚われすぎてはいけない,1
真の詩は、たとえそれがギリシア語で書かれていようと英語で書かれていようと、感じる心以外に何らの解釈者も必要としない。,1
人生の幸福とは何であるかを知ったら、お前は人の持っている物など羨ましがる必要はない,1
私は自然のサイクルを成熟するプロセスと信じているわ。時機は必ずやってくるものよ。晴れた日もあるけれど、太陽と個人的に会うことはできないのよ,1
（AIG全英女子オープン優勝後の自身のインスタ）しぶの、全英女子オープン勝ってしまいました。なんとゆうことでしょう。まだ実感がありません笑,1
善き戦争はなく、悪しき平和というものもない,1
負けたらくやしい,1
目が大きければいいってもんじゃない、人が死ねばいいってもんじゃない,1
僕たちがつくり出したのではない。社会がやがて受け入れていったのだ,1
学校へ行かない（＝不登校の）子どもがいても、周囲の大人が平気な顔でいられるような社会がよい。,1
すべて娯楽教養に類するものは、教養の不足に罪のあるのを忘れて、娯楽自体を禁止しようとする暴力的な弾圧を最もつつしむ必要がある,1
最終日を大差で迎え、難しい精神状態でのプレーだった,1
ＮＡＯＫＩの目力からもかなりの気合いと願いを感じます・・!!!!!!(笑),1
大将たる者は、家臣に慈悲の心をもって接することが、最も重要である,1
何が確実なことかといえば、自分がこの目で見、この手で触れて確かめること以外に何があるというのだ。それを一つ一つ積み重ねていけば、エベレスト登山もいつかは可能になる,1
世界の見え方自体が、あなたの頭のなかにある仮説によって決まっているわけなのです,1
今回（『銭の戦争』）は溜め込まないパターンで行こうと思ったので、疲れたときは「疲れたー！」と敢えて言ってデトックスしていました（笑）,1
ブラジルやイタリアと対戦するなら、ガチガチに守るんじゃなく、全力でぶつかって、日本が世界の中でどこにいるのか確かめるべきだ,1
朝に目覚めるときにはノルアドレナリンという物質が出ています。ノルアドレナリンは戦うための物質で、血糖値や心拍などを上げて、闘争できるように体を整えてくれます。これが出ているときは、やる気も高い。......,1
子供たちが僕のプレーを見てゴルフを始めてくれたらうれしいですね。自分はゴルフしかやってこなかったですけど、子供にはいろんなスポーツをまずやってほしい,1
人は自分があろうとする姿以外にはありえない。このことが実存主義の第一原則である,1
人間にとって真の最大の敵は、自分の胸の中に居る,1
何にも変わらないようにみえても自分自身はいつも新しくなっている,1
打って走って守って。全て、まだやれる,1
われを地上に送りたまいし者、常にわれとともにあり──父なる神はわれを見捨てたまわず。,1
僕のような、パっと見でわかりにくい、“見えない障害の当事者は、自分から周囲に理解を求めていく努力が必要なのだと思います,1
苦手なことはできないんだから、誰かに甘えるしかない。,1
計算なんてしてなくて、もう1キロ2キロで死ぬだけ行ってみようと思って,1
いかに押しつぶしても個人的人格は専制である,1
やっぱり悲しみもキチンと受け止めないと、人の心を代弁したり、感情移入するような歌なんて歌えませんからね,1
仕上げて得られる達成感が、次の創作への意欲に変わります。中途放棄は、やらないことと同じです,1
お客さんから見た目線と自分達がやりたいって思うことのバランスを常に大切にしています。舵ひとつ切り方間違えれば、潰れちゃうから難しいよね。プレッシャーはもちろんあるし、ギ......,1
豆柴から柴犬ぐらいには格上げしてやるよ,1
ああ！（自分の）家にいるほど居心地のいいものはない。,1
私は初めから音楽には境界線はないと信じています。それを我々のファンが証明してくれました。私は音楽を通してその境界を破壊したいと考えています,1
思考と目標が結びつかない限り、価値ある物事は達成されえない。,1
（「時遊人」になるための秘訣）ひとつは時間の使い方。1日24時間をいかに上手く使うか。それから一人で遊べる、というのも長く続けるためのコツですね。あとはやっぱり健康,1
自分の不幸を書き出してみる。自分の幸せを書き出してみる。そうすると、自分が繋がっているべき人間、縁を切る人間が分かる。人間関係の断捨離は、......,1
流れてさえおれば、水は必ず海に達する。それと同じように、努力さえしておれば、所思は必ず遂げられる,1
おまえの終わり方は、なんとなくフィニッシュだ！,1
僕はデビューのころから、自分が世界でいちばん幸せだと思ってた。給料が７万円だったときも幸せだった。給料だと思えば安いけど、小遣いだと思えば７万円はすごいじゃん,1
文章とは何よりも内容を『伝えること』が最優先なわけですがから、文章力を磨くことなんかよりも、まず相手の目をしっかり見て、話せるように練習するのが先決でしょう,1
たくさんある山を見て、登れない、どうしよう、と思っているんじゃなくて、まず一つの山に登って頂上まで行くところからすべて・・,1
全部“白紙にして、カメラの前に行かないとダメなんですね,1
「今」があることに感謝しています,1
不況だ不況だと言っても、昭和二年の不況からすればまだまだ経済に余力はありますし、終戦のときのことを思えば、いまの生活がどれだけ豊かになったかが分かるでしょう,1
私は、日本一の夜の街・銀座でホステスとして働いています,1
詩を作るより、田を作れ,1
石橋を叩けば渡れない。,1
人間は自分より美男子でない、頭の悪いのが可愛いということです,1
「多忙は怠惰の隠れ蓑である」と、何回でもじぶんに言おう,1
全ての能力が備わっていることを一人に求めてはいけない。小さな間違いを理由に人を捨てていては、素晴らしい才能を持った人を得ることはできない,1
どんな日常でも夢を見ることはできるし、自分を信じることもできるはず,1
（毎日のルーティン）まず（エゴサーチで）炎上していないかを先に確認する,1
私たちの疲労は仕事によって生じたのではなく、悩み、挫折、後悔が原因となっていることが多い,1
行くぞ！次はウインターカップだ。全員ぶっ倒して日本一までかけ上がるぞ,1
今の世の中、弱者が正義になりすぎていると思う。負けた人にも、必ずその理由や非が多少なりともあるのではないでしょうか。でも、それを直視せずに、......,1
（長者番付にランクインした際）お金の事とかあまりピンと来ない,1
言葉に対する感覚を研ぎ澄まし、表現力を高めることは十分に可能です。私が勧める方法は、詩を読むことです。詩は優れた言葉の宝庫といえます。,1
今年は新日本のエースから日本のエースになって、僕がプロレス界を変えたいですね,1
春が鉛筆で夏は消しゴムで冬はコンパスだとしたら秋は何にしようかな,1
試合の為に色んなやりたい事、好きな事、全部抑えていく。食べたい物も全て。その中で試合。本当にピリピリして、......,1
段階を踏んで自分のキャラクターというか、自分の主張を伝えるっていうのはお洒落な感じがします,1
真のエキスパートは、井の中の蛙であってはならない,1
自分がいかに頑張っておいしいものを作ったとしても、お客さんがそれを求めなければ売れない,1
クソつまんねえアナタとだって会話します、クソつまんねえけど,1
どの政治あるいは社会グループ、勢力、重要人物が、ある特定の提案や処置などを支持するかどうか、そのことが明確でなかったら、『それは誰の役に立つのか』を常に問わなけ......,1
「お茶くれ」に１２０円くれた妻,1
日本人の主体は、規範じゃなくて、心なんです。千変万化する個人の心,1
あのねぇどんなに上手なべんかいをしてもねべんかいはやっぱりべんかいなんだよなぁ,1
中三と言ったら、時と場合とけじめをしっかりと身につけて行く時なんだ。,1
信じる者の為に立ち上がろう。立ち上がったことに自信を持とう,1
（高橋由伸監督擁立について）一体何を考えているのか。球団が普段からコーチや監督を育てる努力をしていないから慌てることになるのです。巨人のやることは他の11球団が真似をする。巨人の監督というのは球界全体に影響力を持つから、務める人物は一番の器が求められる。それだけ重要な人事をこんな軽率に決めるなど、......,1
とにかく身体をある場所に置くことで哲学をはじめる,1
子供達を見るとき、そこに神様の顔がみえる。だから僕は子供達が大好きなんだ。それこそが僕が見てるものなんだ,1
人は何のために生きているかをいつも考えておかなければいけません。この問題が解決されていれば、その人は死についてあまり考えなくなります,1
練習をやってきたという自信で泳いでいる,1
止まりさえしなければ、どんなにゆっくりでも進めばよい。,1
どんなときでもできるだけ観客には状況を知らせるべきだということだ。サプライズをひねって用いている場合、つまり思いがけない結末が話の頂点になっている場合をのぞけば、観客にはなるべ......,1
私も大丈夫じゃないし、あなたも大丈夫じゃない。だから、大丈夫だ。,1
能力とは自力の高さと幅だと言える。自信を一つ一つ積み上げることが能力を獲得する過程である。だからそれぞれの型の中で執念を持ってそれを押し詰めることが肝心なのだ,1
距離って本当に二人を離れ離れにするのかな？もし愛する人と一緒にいたいって思ったとしたら、もうその時点で二人の間に距離なんてないよね？,1
情報を整理するということは、言葉にすること。自分が取り出しやすくするために言語化する,1
因襲にぜんぜん屈服しない男女から成り立つ社会のほうが、みんなが画一的になるような社会よりも面白い社会であろう,1
仕事が楽しみなら人生は極楽だ。仕事が義務なら人生は地獄だ。,1
大学に通うのは大変なこと。でも毎日私は出会うの。教育のおかげで生活が激変した人達にね。私の生活もそう、教育のおかげで変わった,1
男が一度・・!!! 必ず帰ると言ったのだから,1
結婚は早すぎてもいけない、おそすぎてもいけない、無理が一番いけない、自然がいい。,1
犬はよく吠ゆるを以って良とせず、人はよく話すを以って賢とせず,1
「こうあるべきではないか」と手探りで進むうちに、それが結果につながったので、なでしこジャパンについてもチーム作りのイメージはできつつありました,1
利益は大切ですが、いかに世の中のためになるかが企業にとって一番大切だと思います,1
母はいつも私にこう言いました、「顔を隠しなさい。みんなが見てるから」私はこう言い返します、「関係ないわ。私だってみんなを見ているから」,1
どこまで歩いて来たのかどこまで歩いて行くのかどこまで歩いて行きたいのかその景色を誰と見たいのか,1
僕は、一つの問題とか一つの地域を専門的に追い続けるカメラマンというよりは、自分の興味のあることにパクっと食い付くフットワークの良いカメラマンでいたいと思います,1
一見、無駄のように思える研究、バカバカしいようなアイデアが創造の命だ。この『無駄＝不合理』を解さない人間はほしくない,1
人生の全てを失わないようにするために自分の生命の一部を分け与えることは、おかしなことではない,1
あんまり「お金」「お金」と言わないほうがいいよ。お金持ちで「お金」「お金」と言っている人はいないもんな。たいがい仕事が好きで、働いていたら、貯まっちゃったというのが現実......,1
自殺は人の特権よ。それが罪だとか、犯罪だとかとは思わないわ。やるかどうかはあなたの権利なの。ただ、やったところでどうにもならないけど,1
北京五輪で銀メダルを獲得したことで、本当に人生が変わって。試合が思う様に行かないこともありましたが、メダリストの地位を失う怖さが自分の成長を止めていると思ったので、フェ......,1
あなたが大切にしなくてはいけない人が、もう一人いるんだよ。それは、あなた自身です。自分を大切にできない人は、人も大切にできないものなの。......,1
自分自身がどこまでいけるか。自分をどこまで試せるのか。最大のチャンス,1
めげないめげない。なにがあってもめげないこと！人生色々なことがあるけど、それが自分の引き出しになっていくんだなと思います,1
（欠点は？）声がデカイ,1
山の頂上に立つ喜びは、もしそこへ至るまでに越えるべき暗い谷間が一つもなければ、半減されるでしょう。,1
人間であるということは、劣等感を持っているということだ,1
今までの私はネガティブでした。だから無理にポジティブにいこうと思って、それが失敗すると落ち込んでいました,1
おとなってかわいそうだね,1
曾子(そうし)曰く、吾(われ)、日に三たび吾が身を省みる。人の為に謀(はか)りて忠ならざるか。朋友と交わりて信ならざる・・,1
本当に理性的な人間は絶対に自分が正しいなどとはめったに思うことはない。理性的な人間になろうと思ったら自分の思想に対しても常に疑いを持っていなくてはならない,1
君自身であれ！そうすれば世界は豊かで美しい,1
秋元さんとかもそうなんです。私みたいな人間が普通に話しかけても、ぜんぜん大丈夫なんです。あんまり尊敬モードで緊張しちゃうよりも、友達モードでいくほうが、むしろお......,1
中心力を養うためにはどんな訓練をしたらいいのでしょうか。養神館では構えの稽古を重視していますが、これが実は中心力の訓練になっているのです。構えでは、両手・両足、腰、......,1
今年で93歳になりますが、今できることに、今この瞬間に全力で取り組むという気持ちは少しも薄れていません,1
いつでも必ず、もっとよいやり方がある。それを探せ,1
水を飲みて楽しむ者あり。錦(にしき)を着て憂うる者あり。,1
任せなければそれ以上のことはできない,1
もっとも、誰しもその程度の不幸にはしょっちゅう見舞われるもので、これもお互いさまであり、他人を不快にさせる快味を自分が味わうときのことをおもえば、やむをえないという考え......,1
人生、何が幸いするか分からない,1
一からしのぎを削っていきたい。監督が求めるポジションであれば、どこでもやる,1
救いは一歩踏み出すことだ。さらにもう一歩。そして、たえずその同じ一歩を繰り返すことだ。,1
昔は写真を『可愛い』っていわれるのに抵抗を感じていた時期もあるんですが、今は逆に『女の子が写っていて、カワイイって、…素晴らしいことじゃないか！』という気分で（笑）......,1
言葉を紡ごうとする時、年齢を重ねたからこそ生み出せる説得力もあるけれど、年齢を重ねてしまったがゆえに生み出せなくなった説得力もある,1
（出身地はどちら？と聞かれ）えっと………..（結局答えられず）,1
すごく基本的なことなんですが、まずは一球に全力をかけてプレイすることが勝利への近道だと改めて気づきました。それをフレンチオープンで心がけた結果、新境地が開けたと言っていいくらいの会心のプレイができました。とくに決勝のシェファーズ戦で勝ったのが大きかったですね。一度負けたあとの試合は、......,1
小麦粉の管理をもっときちんとやれ！ 店内に置くのはいいが、置き方にもっと工夫が必要だ。小麦粉にもっと気をつかえよ！,1
寂しい女はみんなショップチャンネル見てるのよ。ショップチャンネルは毎日がお祭りよ,1
明日はまた明日の陽が照るのだ。,1
トレーニングを受けてみて、結果を出すための一番の方法は自分と向き合うことだと気づきました,1
他人を押し倒してひとり利益を獲得するのと、他人をも利して、ともにその利益を獲得するといずれを優れりとするや,1
私、転職することになってますね。ええ。これはどういうことでしょう？これを見てから、思わず昨日のブログ記事を書いたのです。......,1
（中居くんの15、6の頃のヤンキー写真見て）YOU,1
父は歌舞伎の場合は「役が6割の役者4割ぐらいで演じたほうがいい」と言っていました,1
人間は、様々な体験によって育まれ、成長し、それぞれの個性・感性に依る試みを成就することで社会に対する己の人生の意味合いを感知し、さらなる生きがいを知り、新しい意......,1
友達や同じような考え方を持つ仲間がいれば、いい結果を出す事ができます,1
頭を下げるのなんて、なんとも思わないからね,1
ずっと一人でいると、自分が特別なんじゃないかって思っちゃうわよね。一人でいると、確かに、その他大勢にはならないもの。でも、......,1
モノを拒否するってことは、逆にエネルギーが要るのね。だけどしていかないとね、もう片付かないの,1
嫌いな仕事でも「術」を学ぶチャンスだと思いました,1
人みな有用の用を知りて、無用の用を知るなきなり。,1
やっぱりファッションも自分の中の高揚感を上げるポイントの一つですからね,1
偉大な仕事は、人が打算的になっておらず、思考していないときになされる,1
自分の原点は「歌」だと思っていて、全ては歌うことが大好きだというところから始まっているんです,1
女あり　わがいひつけに背(そむ)かじと心を砕(くだ)く　見ればかなしも,1
体調が悪くても、怪我をしても、妥協したくない,1
現場で何が問題なのかを知るには、やはり経験が必要になる,1
『完璧でいなければいけない』という考えに縛れていたけど、もうそれはやめたの。誰もがパーフェクトな姿で写真に写りたいのだけど、それがプレッシャーを生むのよ,1
すぐれた仕事ができないのは、そう期待されていないからだ。,1
優秀さは訓練と習慣の賜物である。私たちは美徳と優秀さを持っているから正しく行動するのではない。むしろ正しく行動するから美徳と優秀さを持つ事ができるのである,1
私は変な勘繰りや、深読みをせずに、自然に「この人間ならリーダーができる」と思った人間に任せるようにしていました,1
人生を変えるため、まずは今大会のベストプレーヤーになりたいです,1
夜が明けると朝がいちばんすてきだと思うんだけど日が暮れると夕方のほうがきれいに思えるの,1
現代の「個性的な生き方」というのは、無理をして「個性的になろう」としないことだろう。世にいわれている「個性的」とは、一種のファッションみたいなもので、争って「個性的」に......,1
毎回立ち上がるたびに「僕はやれるって」自信があるんだ,1
何に幸せを感じるかは人それぞれだ。周囲がとやかく言うことではない。本人が幸せならばそれでいいのです。,1
これ以上近くに抱きしめたら、君の後ろに行っちゃいます,1
（THE 野党が始まった最初の頃は）お客さんも僕らも手探りでしたね。MCでも何を話せばいいんだろう？って思ったこともあったし、僕らなりの“自由にやるっていう制約の中でいろいろ考......,1
幸福は暇にこそあると思われる。なぜなら、我々は暇を得るために働き、平和のうちに過ごさんがために戦争をするからなり,1
和して唱えず,1
世間は欺かれることを欲す。,1
哲学の本質は、真理を所有することではない。むしろ真理を探究することである,1
社会的な淘汰がネットにもちゃんと来て、CGMのクオリティも成熟してくるんだと思う,1
キャラクターにぴったりのルックスの衣装を選び抜くために、デザイナーたちとコラボできたことはとても嬉しく、幸せでした,1
何にもなくやっていける人がベストだと思うんだけど（笑）、大抵の人生には何かあって、俺はそれが激しい感じなんだろうね,1
作り上げたものがうまく機能しなくても、それを無駄な物だと決めつけてはいけない。それは次の一手になる,1
いなくなって改めて存在の大きさを痛感しました。私は澤選手が不在の間に、チームがおかしな方向にいかないよう気をつけるだけでした,1
新しい用語を使って同じことを語っても意味がない,1
（力皇は）ＮＯＡＨを代表する選手って名前ねぇだろ、肩書もよ。ヒール名乗ってんだろ。なぜ好きなようにやらねぇ！？カッコつけてるだけなんだろ,1
純などというのはつまらぬ時間の差で、しかも甚しく誤差の起りやすい要素をふくみ、わが子に対してそんな判断で安心していると、長じて忽然と妖怪化して手に負えなくなるのである,1
あなた、いい保護者になれるわよ,1
よく“何でも自分でできるようになることが自立だと言われますが、私はそうは思いません。本当の意味での自立とは、相手の気持ちを考え、自分が困ったとき、素直に周囲に助......,1
一言にストレスと言ってもいろんな種類のストレスがあるからそれぞれに応じた解消法を見つけなくてならないことに気がついた。自然を眺めるだけでは都会の窮屈さからくるストレスしか解消できないのだと,1
夢想家は自分自身に嘘をつくが、嘘つきは他人にだけ嘘をつく,1
失敗が、自慢の人生になる,1
他者への感謝、誰かのためにという気持ちは、持っている以上の力をその人に発揮させる,1
色んな悔しい想いもしたなぁ・・・とか。例え様のないくらいの、喜びももらったなぁ・・・とか。そして、出逢い、別れ・・・挫折、......,1
己の器を悟るのは大事ですよね。人間、そんなに最初からだいそれたことできるわけないんですから,1
僕はこの世界で夢を見る,1
ほとんどの人が、成功とは手に入れるものだと考えています。でも本当のところ、成功とは与えることなのです,1
1989年に宮崎（駿）さんの手によってアニメ映画化されて一番良かったなと思うのは、世界中の皆さんの元へキキとジジが羽ばたいていったこと。タイトルは『』だった。日本の童話が世界中......,1
“愛っていうのは夫婦愛、隣人愛、お友達の愛もあり、親子愛もあり・・、いろんな愛がありますけれど、やっぱり人間は、......,1
過去の苦労を「点」だけではなく、いろいろな苦労と繋いで線にする事ができる人が成功をする,1
エキスパートというものは、ほんのわずかしか知られていないことをより多く知っている者だ。,1
全ての決定権は私に有り私の言うことは絶対であるお前に拒否する権利はない私が”正しい”と言った事が”正しい”のだ,1
視線の先に映る自分の姿を信じて,1
みんなの前で　命を懸けて　私たちは踊るよって・・,1
（日本の高校で大変だったことは？）上下関係。ニュージーランドにはなかったから,1
スター気取りの役者とも仕事はしたくない,1
ひとたび着手した事業は必ず成功を期せ,1
目の前のお客さんを幸せにするのは当たり前で、俺は最終的に平和になったらいいなと思って世界中が,1
「聖なる○○」名詞の頭につければ、どんなものでも感じられ感謝できるようになるマジックワード,1
皆がひとつになれる目標を掲げることに成功すれば、組織は実力を超える能力を発揮できるものだと思います,1
いかなる問題にあっても、具体的という事は、最後の、しかして最良の結論だ。,1
変革というものは、ひとつ起こると、必ずや次の変革を呼ぶようにできているものである。,1
振り返ってみれば、人から頼まれて行動を起こすということはなかった。「ぜひベトナムに来てください」と言われたこともない。そもそもベトナムのことは知らない。ベトナムの方たち......,1
わかってるよっていうことを伝えたい。１人じゃないんだよって、助けてあげられなくても一緒に泣いたり、悔しがったりはできる,1
味のある人間って言われてますか？中身のある人間って言われてますか？,1
強い選手、のし上がっていく選手というのは、負けた悔しさをその後に充分に活かす、忘れない。そういう選手が一流の選手だと思います,1
人間──自分で考えている自分の姿に有頂天に見入っていて、明白な自分のあるべき姿を見落としてしまう動物。,1
沈黙は会話のなかの一つの偉大な技術である。自分の口を閉じるときを知る者は馬鹿ではない。,1
私がビジネスを築き上げることができたのは、つまるところ人だ。私のフランチャイズ加盟者は働き者で、熱心で、正直な人たちだ。彼らがあって、......,1
（必ず見てしまうTV番組）週刊EXILE、めちゃ×2イケてるッ!、その時ハマっているドラマ,1
僕だけが恥辱の中で暮らし、一人であらゆるものを汚し、美にも栄光にも全く気づかずにいたのだ,1
夫の行為を好ましく思っていないが、それと弾劾は結びつくものではない,1
やはり母親を想うという気持ちが一番大事だ、と,1
噺家になったのは好きやからということもありますが、一人でやる芸で、衣装も大道具もメーキャップもなしで、それでいてドラマのような世界が描ける、それに魅力を感じたからです。私の描いた世界と、......,1
まだ無理だと思ってもやらせてみる。失敗しても「今度は上手くできるはず」と声をかけることが大切,1
よく“テキトー”なんて言われますが、僕自身はそう思ってやってきたことはないんですよ。言葉が独り歩きすると、何がテキトーなのか分からない?,1
褒美をご破算にするということの脅しは、罰を与えるという脅しと同じ機能を持っている。,1
2年前に結婚した女房（女優の神楽坂恵）が、花を生けるとか、傍から見るとちっともおもしろくなさそうなことが好きなひとなんですよ。20年前はたしかに“地獄でなぜ悪いと思っていたけれ......,1
この12年間、私は夜の世界で何千人もの子どもたちと出会ったが、そのすべてが哀しいものだった。でもそのすべてが素晴らしいものだった,1
小さな手間を省かないことが、大きなイライラを防ぐコツ,1
自分がまだ若い場合、赴任して最初にすべきことは人間関係をつくり上げることです。部下の人たちと一緒に過ごすことによって、自分のことをわかってもらい、交流を深め、その管理職たちが直面している問題と、......,1
心に自慢なき時は人の善を知り,1
その前の年の世界陸上よりも脚光を浴びることが多くなったんですけど、私はそれよりも色々な経験をすることが出来たのでよかった。それにはまずオリンピックに出てよかった。金メダル取れて......,1
企業が草創期の情熱と精神を失わずに大きく成長するには、利益の追求を第一とするのではなく、正しい価値観と人材を基盤とした経営が必要である。その要は真心に他ならない。あなたが自分の事業、あるいは働きがいのある職場に真心を注ぐとき、......,1
成功するヤツというのは、愛のないビンタをくらっても、そのビンタに愛を感じることの出来るヤツだ,1
むやみに、人にきくのはやめなさい。プリントを、よく読み、注意や説明をかみしめて、自分で考えて作業を進める。......,1
他によいものがなかったのでそのコトバを看護と言う,1
人生の目的は、より良い人生を探し創ること。これに、だんだん気づいたとき、「世の中っておもしろいなあ、フェアだなあ」と、......,1
成すことは必ずしも困難ではない。が、欲することは常に困難である。少なくとも成すに足ることを欲するのは,1
期限までに毎日どのくらいのペースでやっていかなければならないか考える,1
放っておけ。それより書いてある内容が見たい。予のためになるものもあるだろう,1
まず読んでください。面白いと思います。やめられなくて、ずんずん読みたくなると思います。私はそれを信じて、書き続けてきました,1
真の豊かさとは何か、都会だけを見ていると誤るし、地方を見ると痛切に感じて、自民党を変えるために動かないといけない,1
家屋を建設することにたとえるならば、『道に志す』とは、土地を選び資材をあつめてきりもりして住宅を完成させようといつも意欲を持ちつづけることであり、『徳にもとづく』とは、計画がすべて完成し、生活の根拠ができたことであり、......,1
私の生（いのち）を根から見てくれるのは　私を全部に解してくれるのは　ただあなたです,1
広辞苑で百獣の王を引くとその意味に武井壮が出てくるのがここ最近の目標だ,1
試合が楽しみ。自信満々です,1
日本の天皇制というのは、アジアの極東地区の辺境国家に見られる「生き神様信仰」の一つなんです。「生き神様信仰」は、チベット、ネパール、東南アジア、......,1
洋の東西を問わず、巨匠たちは、観客を自分の秘密にひきずりこむ手段として暗示の価値を忘れることはなかった,1
俺もトレーニングいい感じに今できてるし100m桐生復活しなな,1
あいつ（加藤茶）らしいな。あんた（いかりや長介）が行っちまうのを遅らせようとしてねえ。いまハラハラ、ドキドキして向かっているところだと思うよ,1
自分のことを愛さないくせに、他人に「愛してるよ」などと口にする人間は信用しないこと。アフリカにはこんな諺があります：「裸の人間が、この服をどうぞ、と言ってきたときは注意......,1
人々が思考しないことは、政府にとっては幸いだ,1
私は考えるに、真実の楽天的境地というものは、人事を尽した後でなければ得られるものではない。即ち、事成ればもとより快（かい）、成らずともなお快たるを失わない。......,1
政治家の秘訣は何もない。ただ「誠心誠意」の四文字ばかりだ,1
新聞記者は出ていけ,1
背伸びをしたって、たかが知れている。背伸びをしたまま生活したら、つまずくだけ,1
私は人類のために、甘美な酒をもたらすバッカスだ,1
得点の80パーセントはペナルティー・エリア内のシュート（ヘディングも含めて）から決まることが統計で出ている,1
(肩で呼吸して)ハーッ！ハーッ！ってかなり必死だったんです。あまり見られたくない表情で歌っていました,1
女の方も、あとから男のウソが発覚したときに、嘆き悲しむのは止めた方がいい。愛していると錯覚していた男の正体が早めに露呈したことを喜んで、また自分の目が濁っていたことを潔......,1
共通の敵がいなければ、ピッコロはまあ大丈夫として、ベジータなんか何しでかすか分かったもんじゃないですよダンナ・・,1
優しい言葉はいくらでもかけられるし、この世にたくさん溢れている。それは癒やしにはなるかもしれないけど個人的にそれが実際「行動」に繋がった事は少ない,1
いま、ジャパネットの業績が伸びていますが、好調なときは危険なんです。時代は常に変化していますから、課題も次々に出てきます,1
常に恥とは何かを知り、人に負けない様に強い気を持ち、どんなときでも権力に盲従してはならない,1
私は東芝に来るにあたって、自分の腹心というようなものは一人もつれて来なかった。単身乗り込んだわけである。それには理由がある。一人ならば出処進退が自由にできるが、人を連れて行った場合、......,1
曇を脱がされた空から月が恥ずかしそうに出てきた 撮影再開,1
友人には常に愛情と謙遜な心持ちを持っていないと友人は逃げて行く。友人をつくる時にはよく考えなければならない。そして本当・・,1
MATSUさんが“いつか自分が脚本、演出の舞台をやりたいと仰っていたので、それに出たいです。悪役や常軌を逸した役も演じてみたいです,1
マウンドに上がれば、自分を疑うことはありません,1
不運が眠っているときには、起こさないようにそっとしておくことだ。ちょっとしたつまづきなら軽い傷ですむが、それがもとで転・・,1
樹齢二千年という立派なぶなの木があるが、元をただせば鳥の糞からだ,1
たまにこう言われることがある。「 世界を治そう と歌うのに、なぜステージに兵士がいるのか？」と。彼らは愛の兵士だ。戦争では何も解決しない,1
僕は恐らく、誰よりもたくさん患者を診て、誰よりも多分失敗をたくさんした人ですね,1
前進するなら、歴史を繰り返すのではなく新しい歴史をつくろう。私たちの祖先が残した遺産に、新たな良きものを加えよう,1
人を知る者は智なり、自らを知る者は明なり。人に勝つ者は力なり、自らに勝つ者は勇なり。,1
同じ過ちを2度と繰り返してはならない。お金になるなら話は別だけど,1
他人の意見で自分の本当の心の声を消してはならない。自分の直感を信じる勇気を持ちなさい。,1
うまくいかない,0
失敗ばかりする,0
期待外れだ,0
やり方がわからない,0
自信がない,0
うまくいかないと思う,0
挫折する,0
夢を諦める,0
成功できないと感じる,0
何をしていいかわからない,0
計画が上手くいかない,0
人生がうまくいかない,0
不運だ,0
適切な判断ができない,0
自分には能力がないと思う,0
才能がないと感じる,0
他の人たちより劣っていると感じる,0
やりたいことができない,0
チャンスを逃す,0
うまくいくはずがない,0
上手くいかないことが多い,0
他の人たちに比べて劣っている,0
成功する自信がない,0
自分には向いていないと感じる,0
不運な人生だと感じる,0
自分には運がないと感じる,0
うまくいかないことが続く,0
成功する可能性が低いと感じる,0
うまくいくとは思えない,0
努力が報われない,0
期待はずれだと感じる,0
上手くいくことがない,0
うまくいかないことばかりだ,0
失敗ばかりしている,0
期待外れの結果になる,0
うまくいかない人生だと感じる,0
うまくいかないことが多すぎる,0
成功する自信がないと感じる,0
何をしてもうまくいかない,0
適切な判断ができない,0
自分に自信がない,0
成功できないと思う,0
成功する能力がないと感じる,0
挫折する,0
夢を諦める,0
うまくいかないと思う,0
他の人たちより劣っていると感じる,0
やりたいことができない,0
チャンスを逃す,0
うまくいくはずがない,0
成功する自信がない,0
自分には向いていないと感じる,0
不運な人生だと感じる,0
自分には運がないと感じる,0
うまくいかないことが続く,0
成功する可能性が低いと感じる,0
努力が報われない,0
期待はずれだと感じる,0
上手くいくことがない,0
うまくいかないことばかりだ,0
失敗ばかりしている,0
期待外れの結果になる,0
うまくいかない人生だと感じる,0
うまくいかないことが多すぎる,0
成功する自信がないと感じる,0
何をしてもうまくいかない,0
うまくいかないことが多すぎる,0
成功する自信がないと感じる,0
うまくいかない人生だと感じる,0
他の人たちに比べて劣っている,0
自分には向いていないと感じる,0
期待はずれだと感じる,0
失敗ばかりしている,0
うまくいかないことが多すぎる,0
挫折する,0
夢を諦める,0
成功できないと思う,0
自分には能力がないと感じる,0
何をしてもうまくいかない,0
運がないと感じる,0
努力が報われない,0
うまくいくはずがない,0
やりたいことができない,0
チャンスを逃す,0
他の人たちより劣っていると感じる,0
自分に自信がない,0
成功する自信がないと感じる,0
不運な人生だと感じる,0
期待外れの結果になる,0
うまくいかないことが続く,0
成功する可能性が低いと感じる,0
自分には運がないと感じる,0
成功する能力がないと感じる,0
他の人たちに比べて劣っている,0
期待はずれだと感じる,0
失敗ばかりしている,0
うまくいかないことが多すぎる,0
挫折する,0
夢を諦める,0
成功できないと思う,0
自分には能力がないと感じる,0
何をしてもうまくいかない,0
運がないと感じる,0
努力が報われない,0
うまくいくはずがない,0
やりたいことができない,0
チャンスを逃す,0
他の人たちより劣っていると感じる,0
自分に自信がない,0
成功する自信がないと感じる,0
不運な人生だと感じる,0
期待外れの結果になる,0
うまくいかないことが続く,0
成功する可能性が低いと感じる,0
自分には運がないと感じる,0
成功する能力がないと感じる,0
他の人たちに比べて劣っている,0
期待はずれだと感じる,0
失敗ばかりしている,0
うまくいかないことが多すぎる,0
挫折する,0
夢を諦める,0
成功できないと思う,0
自分には能力がないと感じる,0
何をしてもうまくいかない,0
運がないと感じる,0
努力が報われない,0
うまくいくはずがない,0
やりたいことができない,0
チャンスを逃す,0
他の人たちより劣っていると感じる,0
自分に自信がない,0
成功する自信がないと感じる,0
不運な人生だと感じる,0
期待外れの結果になる,0
うまくいかないことが続く,0
成功する可能性が低いと感じる,0
自分には運がないと感じる,0
成功する能力がないと感じる,0
他の人たちに比べて劣っている,0
期待はずれだと感じる,0
失敗ばかりしている,0
うまくいかないことが多すぎる,0
挫折する,0
夢を諦める,0
成功できないと思う,0
自分には能力がないと感じる,0
何をしてもうまくいかない,0
運がないと感じる,0
努力が報われない,0
うまくいくはずがない,0
やりたいことができない,0
チャンスを逃す,0
他の人たちより劣っていると感じる,0
自分に自信がない,0
成功する自信がないと感じる,0
不運な人生だと感じる,0
期待外れの結果になる,0
うまくいかないことが続く,0
成功する可能性が低いと感じる,0
自分には運がないと感じる,0
成功する能力がないと感じる,0
他の人たちに比べて劣っている,0
期待はずれだと感じる,0
失敗ばかりしている,0
うまくいかないことが多すぎる,0
挫折する,0
夢を諦める,0
成功できないと思う,0
自分には能力がないと感じる,0
何をしてもうまくいかない,0
運がないと感じる,0
努力が報われない,0
うまくいくはずがない,0
やりたいことができない,0
チャンスを逃す,0
他の人たちより劣っていると感じる,0
自分に自信がない,0
成功する自信がないと感じる,0
不運な人生だと感じる,0
期待外れの結果になる,0
うまくいかないことが続く,0
成功する可能性が低いと感じる,0
自分には運がないと感じる,0
成功する能力がないと感じる,0
他の人たちに比べて劣っている,0
期待はずれだと感じる,0
失敗ばかりしている,0
うまくいかないことが多すぎる,0
挫折する,0
夢を諦める,0
成功できないと思う,0
自分には能力がないと感じる,0
何をしてもうまくいかない,0
運がないと感じる,0
努力が報われない,0
うまくいくはずがない,0
やりたいことができない,0
チャンスを逃す,0
他の人たちより劣っていると感じる,0
自分に自信がない,0
成功する自信がないと感じる,0
不運な人生だと感じる,0
期待外れの結果になる,0
うまくいかないことが続く,0
成功する可能性が低いと感じる,0
自分には運がないと感じる,0
成功する能力がないと感じる,0
他の人たちに比べて劣っている,0
期待はずれだと感じる,0
失敗ばかりしている,0
うまくいかないことが多すぎる,0
挫折する,0
夢を諦める,0
成功できないと思う,0
自分には能力がないと感じる,0
何をしてもうまくいかない,0
運がないと感じる,0
努力が報われない,0
うまくいくはずがない,0
やりたいことができない,0
チャンスを逃す,0
他の人たちより劣っていると感じる,0
自分に自信がない,0
成功する自信がないと感じる,0
不運な人生だと感じる,0
期待外れの結果になる,0
うまくいかないことが続く,0
成功する可能性が低いと感じる,0
自分には運がないと感じる,0
成功する能力がないと感じる,0
他の人たちに比べて劣っている,0
期待はずれだと感じる,0
失敗ばかりしている,0
うまくいかないことが多すぎる,0
挫折する,0
夢を諦める,0
成功できないと思う,0
自分には能力がないと感じる,0
何をしてもうまくいかない,0
運がないと感じる,0
努力が報われない,0
うまくいくはずがない,0
やりたいことができない,0
チャンスを逃す,0
他の人たちより劣っていると感じる,0
自分に自信がない,0
成功する自信がないと感じる,0
不運な人生だと感じる,0
期待外れの結果になる,0
うまくいかないことが続く,0
成功する可能性が低いと感じる,0
自分には運がないと感じる,0
成功する能力がないと感じる,0
他の人たちに比べて劣っている,0
期待はずれだと感じる,0
失敗ばかりしている,0
うまくいかないことが多すぎる,0
挫折する,0
夢を諦める,0
成功できないと思う,0
自分には能力がないと感じる,0
何をしてもうまくいかない,0
運がないと感じる,0
努力が報われない,0
うまくいくはずがない,0
やりたいことができない,0
チャンスを逃す,0
他の人たちより劣っていると感じる,0
自分に自信がない,0
成功する自信がないと感じる,0
不運な人生だと感じる,0
期待外れの結果になる,0
うまくいかないことが続く,0
成功する可能性が低いと感じる,0
自分には運がないと感じる,0
成功する能力がないと感じる,0
他の人たちに比べて劣っている,0
期待はずれだと感じる,0
失敗ばかりしている,0
うまくいかないことが多すぎる,0
挫折する,0
夢を諦める,0
成功できないと思う,0
自分には能力がないと感じる,0
何をしてもうまくいかない,0
運がないと感じる,0
努力が報われない,0
うまくいくはずがない,0
やりたいことができない,0
チャンスを逃す,0
他の人たちより劣っていると感じる,0
自分に自信がない,0
成功する自信がないと感じる,0
不運な人生だと感じる,0
期待外れの結果になる,0
うまくいかないことが続く,0
成功する可能性が低いと感じる,0
自分には運がないと感じる,0
成功する能力がないと感じる,0
他の人たちに比べて劣っている,0
期待はずれだと感じる,0
失敗ばかりしている,0
うまくいかないことが多すぎる,0
挫折する,0
夢を諦める,0
成功できないと思う,0
自分には能力がないと感じる,0
何をしてもうまくいかない,0
運がないと感じる,0
努力が報われない,0
うまくいくはずがない,0
やりたいことができない,0
チャンスを逃す,0
他の人たちより劣っていると感じる,0
自分に自信がない,0
成功する自信がないと感じる,0
不運な人生だと感じる,0
期待外れの結果になる,0
うまくいかないことが続く,0
成功する可能性が低いと感じる,0
自分には運がないと感じる,0
成功する能力がないと感じる,0
他の人たちに比べて劣っている,0
期待はずれだと感じる,0
失敗ばかりしている,0
うまくいかないことが多すぎる,0
挫折する,0
夢を諦める,0
成功できないと思う,0
自分には能力がないと感じる,0
何をしてもうまくいかない,0
運がないと感じる,0
努力が報われない,0
うまくいくはずがない,0
やりたいことができない,0
チャンスを逃す,0
他の人たちより劣っていると感じる,0
自分に自信がない,0
成功する自信がないと感じる,0
不運な人生だと感じる,0
期待外れの結果になる,0
うまくいかないことが続く,0
成功する可能性が低いと感じる,0
自分には運がないと感じる,0
成功する能力がないと感じる,0
他の人たちに比べて劣っている,0
期待はずれだと感じる,0
失敗ばかりしている,0
うまくいかないことが多すぎる,0
挫折する,0
夢を諦める,0
成功できないと思う,0
自分には能力がないと感じる,0
何をしてもうまくいかない,0
運がないと感じる,0
努力が報われない,0
うまくいくはずがない,0
やりたいことができない,0
チャンスを逃す,0
他の人たちより劣っていると感じる,0
自分に自信がない,0
成功する自信がないと感じる,0
不運な人生だと感じる,0
期待外れの結果になる,0
うまくいかないことが続く,0
成功する可能性が低いと感じる,0
自分には運がないと感じる,0
成功する能力がないと感じる,0
他の人たちに比べて劣っている,0
期待はずれだと感じる,0
失敗ばかりしている,0
うまくいかないことが多すぎる,0
挫折する,0
夢を諦める,0
成功できないと思う,0
自分には能力がないと感じる,0
何をしてもうまくいかない,0
運がないと感じる,0
努力が報われない,0
うまくいくはずがない,0
やりたいことができない,0
チャンスを逃す,0
他の人たちより劣っていると感じる,0
自分に自信がない,0
成功する自信がないと感じる,0
不運な人生だと感じる,0
期待外れの結果になる,0
うまくいかないことが続く,0
成功する可能性が低いと感じる,0
自分には運がないと感じる,0
成功する能力がないと感じる,0
他の人たちに比べて劣っている,0
期待はずれだと感じる,0
失敗ばかりしている,0
うまくいかないことが多すぎる,0
挫折する,0
夢を諦める,0
成功できないと思う,0
自分には能力がないと感じる,0
何をしてもうまくいかない,0
運がないと感じる,0
努力が報われない,0
うまくいくはずがない,0
やりたいことができない,0
チャンスを逃す,0
他の人たちより劣っていると感じる,0
自分に自信がない,0
成功する自信がないと感じる,0
不運な人生だと感じる,0
期待外れの結果になる,0
うまくいかないことが続く,0
成功する可能性が低いと感じる,0
自分には運がないと感じる,0
成功する能力がないと感じる,0
他の人たちに比べて劣っている,0
期待はずれだと感じる,0
失敗ばかりしている,0
うまくいかないことが多すぎる,0
挫折する,0
夢を諦める,0
成功できないと思う,0
自分には能力がないと感じる,0
何をしてもうまくいかない,0
運がないと感じる,0
努力が報われない,0
うまくいくはずがない,0
やりたいことができない,0
チャンスを逃す,0
他の人たちより劣っていると感じる,0
自分に自信がない,0
成功する自信がないと感じる,0
不運な人生だと感じる,0
期待外れの結果になる,0
うまくいかないことが続く,0
成功する可能性が低いと感じる,0
自分には運がないと感じる,0
成功する能力がないと感じる,0
他の人たちに比べて劣っている,0
期待はずれだと感じる,0
失敗ばかりしている,0
うまくいかないことが多すぎる,0
挫折する,0
夢を諦める,0
成功できないと思う,0
自分には能力がないと感じる,0
何をしてもうまくいかない,0
運がないと感じる,0
努力が報われない,0
うまくいくはずがない,0
やりたいことができない,0
チャンスを逃す,0
他の人たちより劣っていると感じる,0
自分に自信がない,0
